Weapon,Charge_Level,Range_Meters,Elevation_Mils,Flight_Time_Sec
MA7,0,250,1427.0,18.3
MA7,0,300,1364.3,17.78
MA7,0,350,1301.6,17.26
MA7,0,400,1238.9,16.74
MA7,0,450,1176.2,16.22
MA7,0,500,1113.5,15.7
MA7,0,550,1050.8,15.18
MA7,0,600,988.1,14.66
MA7,0,650,925.4,14.14
MA7,0,700,862.7,13.62
MA7,0,750,800.0,13.1
MA7,1,500,1437.0,25.3
MA7,1,550,1406.67,24.96
MA7,1,600,1376.33,24.62
MA7,1,650,1346.0,24.29
MA7,1,700,1315.67,23.95
MA7,1,750,1285.33,23.61
MA7,1,800,1255.0,23.27
MA7,1,850,1224.67,22.93
MA7,1,900,1194.33,22.6
MA7,1,950,1164.0,22.26
MA7,1,1000,1133.67,21.92
MA7,1,1050,1103.33,21.58
MA7,1,1100,1073.0,21.24
MA7,1,1150,1042.67,20.9
MA7,1,1200,1012.33,20.57
MA7,1,1250,982.0,20.23
MA7,1,1300,951.67,19.89
MA7,1,1350,921.33,19.55
MA7,1,1400,891.0,19.21
MA7,1,1450,860.67,18.88
MA7,1,1500,830.33,18.54
MA7,1,1550,800.0,18.2
MA7,2,800,1408.0,25.9
MA7,2,850,1391.11,25.63
MA7,2,900,1374.22,25.36
MA7,2,950,1357.33,25.09
MA7,2,1000,1340.44,24.82
MA7,2,1050,1323.56,24.55
MA7,2,1100,1306.67,24.28
MA7,2,1150,1289.78,24.01
MA7,2,1200,1272.89,23.74
MA7,2,1250,1256.0,23.47
MA7,2,1300,1239.11,23.2
MA7,2,1350,1222.22,22.93
MA7,2,1400,1205.33,22.66
MA7,2,1450,1188.44,22.39
MA7,2,1500,1171.56,22.11
MA7,2,1550,1154.67,21.84
MA7,2,1600,1137.78,21.57
MA7,2,1650,1120.89,21.3
MA7,2,1700,1104.0,21.03
MA7,2,1750,1087.11,20.76
MA7,2,1800,1070.22,20.49
MA7,2,1850,1053.33,20.22
MA7,2,1900,1036.44,19.95
MA7,2,1950,1019.56,19.68
MA7,2,2000,1002.67,19.41
MA7,2,2050,985.78,19.14
MA7,2,2100,968.89,18.87
MA7,2,2150,952.0,18.6
MA7,3,1000,1421.0,40.2
MA7,3,1050,1404.66,39.9
MA7,3,1100,1388.32,39.6
MA7,3,1150,1371.97,39.3
MA7,3,1200,1355.63,39.0
MA7,3,1250,1339.29,38.7
MA7,3,1300,1322.95,38.4
MA7,3,1350,1306.61,38.1
MA7,3,1400,1290.26,37.8
MA7,3,1450,1273.92,37.5
MA7,3,1500,1257.58,37.2
MA7,3,1550,1241.24,36.9
MA7,3,1600,1224.89,36.6
MA7,3,1650,1208.55,36.3
MA7,3,1700,1192.21,36.0
MA7,3,1750,1175.87,35.7
MA7,3,1800,1159.53,35.4
MA7,3,1850,1143.18,35.1
MA7,3,1900,1126.84,34.8
MA7,3,1950,1110.5,34.5
MA7,3,2000,1094.16,34.2
MA7,3,2050,1077.82,33.9
MA7,3,2100,1061.47,33.6
MA7,3,2150,1045.13,33.3
MA7,3,2200,1028.79,33.0
MA7,3,2250,1012.45,32.7
MA7,3,2300,996.11,32.4
MA7,3,2350,979.76,32.1
MA7,3,2400,963.42,31.8
MA7,3,2450,947.08,31.5
MA7,3,2500,930.74,31.2
MA7,3,2550,914.39,30.9
MA7,3,2600,898.05,30.6
MA7,3,2650,881.71,30.3
MA7,3,2700,865.37,30.0
MA7,3,2750,849.03,29.7
MA7,3,2800,832.68,29.4
MA7,3,2850,816.34,29.1
MA7,3,2900,800.0,28.8
MA7,4,1300,1405.0,46.1
MA7,4,1350,1391.12,45.8
MA7,4,1400,1377.25,45.5
MA7,4,1450,1363.37,45.21
MA7,4,1500,1349.5,44.91
MA7,4,1550,1335.62,44.61
MA7,4,1600,1321.74,44.31
MA7,4,1650,1307.87,44.01
MA7,4,1700,1293.99,43.71
MA7,4,1750,1280.11,43.42
MA7,4,1800,1266.24,43.12
MA7,4,1850,1252.36,42.82
MA7,4,1900,1238.49,42.52
MA7,4,1950,1224.61,42.22
MA7,4,2000,1210.73,41.93
MA7,4,2050,1196.86,41.63
MA7,4,2100,1182.98,41.33
MA7,4,2150,1169.11,41.03
MA7,4,2200,1155.23,40.73
MA7,4,2250,1141.35,40.43
MA7,4,2300,1127.48,40.14
MA7,4,2350,1113.6,39.84
MA7,4,2400,1099.72,39.54
MA7,4,2450,1085.85,39.24
MA7,4,2500,1071.97,38.94
MA7,4,2550,1058.1,38.65
MA7,4,2600,1044.22,38.35
MA7,4,2650,1030.34,38.05
MA7,4,2700,1016.47,37.75
MA7,4,2750,1002.59,37.45
MA7,4,2800,988.72,37.16
MA7,4,2850,974.84,36.86
MA7,4,2900,960.96,36.56
MA7,4,2950,947.09,36.26
MA7,4,3000,933.21,35.96
MA7,4,3050,919.33,35.66
MA7,4,3100,905.46,35.37
MA7,4,3150,891.58,35.07
MA7,4,3200,877.71,34.77
MA7,4,3250,863.83,34.47
MA7,4,3300,849.95,34.17
MA7,4,3350,836.08,33.88
MA7,4,3400,822.2,33.58
MA7,4,3450,808.33,33.28
MA7,4,3500,794.45,32.98
MA7,5,1600,1394.0,51.5
MA7,5,1650,1381.88,51.21
MA7,5,1700,1369.76,50.92
MA7,5,1750,1357.63,50.62
MA7,5,1800,1345.51,50.33
MA7,5,1850,1333.39,50.04
MA7,5,1900,1321.27,49.75
MA7,5,1950,1309.14,49.46
MA7,5,2000,1297.02,49.17
MA7,5,2050,1284.9,48.87
MA7,5,2100,1272.78,48.58
MA7,5,2150,1260.65,48.29
MA7,5,2200,1248.53,48.0
MA7,5,2250,1236.41,47.71
MA7,5,2300,1224.29,47.41
MA7,5,2350,1212.16,47.12
MA7,5,2400,1200.04,46.83
MA7,5,2450,1187.92,46.54
MA7,5,2500,1175.8,46.25
MA7,5,2550,1163.67,45.96
MA7,5,2600,1151.55,45.66
MA7,5,2650,1139.43,45.37
MA7,5,2700,1127.31,45.08
MA7,5,2750,1115.18,44.79
MA7,5,2800,1103.06,44.5
MA7,5,2850,1090.94,44.2
MA7,5,2900,1078.82,43.91
MA7,5,2950,1066.69,43.62
MA7,5,3000,1054.57,43.33
MA7,5,3050,1042.45,43.04
MA7,5,3100,1030.33,42.74
MA7,5,3150,1018.2,42.45
MA7,5,3200,1006.08,42.16
MA7,5,3250,993.96,41.87
MA7,5,3300,981.84,41.58
MA7,5,3350,969.71,41.29
MA7,5,3400,957.59,40.99
MA7,5,3450,945.47,40.7
MA7,5,3500,933.35,40.41
MA7,5,3550,921.22,40.12
MA7,5,3600,909.1,39.83
MA7,5,3650,896.98,39.53
MA7,5,3700,884.86,39.24
MA7,5,3750,872.73,38.95
MA7,5,3800,860.61,38.66
MA7,5,3850,848.49,38.37
MA7,5,3900,836.37,38.08
MA7,5,3950,824.24,37.78
MA7,5,4000,812.12,37.49
MA7,5,4050,800.0,37.2
MA7,6,1800,1395.0,57.0
MA7,6,1850,1384.38,56.71
MA7,6,1900,1373.75,56.43
MA7,6,1950,1363.12,56.14
MA7,6,2000,1352.5,55.86
MA7,6,2050,1341.88,55.57
MA7,6,2100,1331.25,55.29
MA7,6,2150,1320.62,55.0
MA7,6,2200,1310.0,54.71
MA7,6,2250,1299.38,54.43
MA7,6,2300,1288.75,54.14
MA7,6,2350,1278.12,53.86
MA7,6,2400,1267.5,53.57
MA7,6,2450,1256.88,53.29
MA7,6,2500,1246.25,53.0
MA7,6,2550,1235.62,52.71
MA7,6,2600,1225.0,52.43
MA7,6,2650,1214.38,52.14
MA7,6,2700,1203.75,51.86
MA7,6,2750,1193.12,51.57
MA7,6,2800,1182.5,51.29
MA7,6,2850,1171.88,51.0
MA7,6,2900,1161.25,50.71
MA7,6,2950,1150.62,50.43
MA7,6,3000,1140.0,50.14
MA7,6,3050,1129.38,49.86
MA7,6,3100,1118.75,49.57
MA7,6,3150,1108.12,49.29
MA7,6,3200,1097.5,49.0
MA7,6,3250,1086.88,48.71
MA7,6,3300,1076.25,48.43
MA7,6,3350,1065.62,48.14
MA7,6,3400,1055.0,47.86
MA7,6,3450,1044.38,47.57
MA7,6,3500,1033.75,47.29
MA7,6,3550,1023.12,47.0
MA7,6,3600,1012.5,46.71
MA7,6,3650,1001.88,46.43
MA7,6,3700,991.25,46.14
MA7,6,3750,980.62,45.86
MA7,6,3800,970.0,45.57
MA7,6,3850,959.38,45.29
MA7,6,3900,948.75,45.0
MA7,6,3950,938.12,44.71
MA7,6,4000,927.5,44.43
MA7,6,4050,916.88,44.14
MA7,6,4100,906.25,43.86
MA7,6,4150,895.62,43.57
MA7,6,4200,885.0,43.29
MA7,6,4250,874.38,43.0
MA7,6,4300,863.75,42.71
MA7,6,4350,853.12,42.43
MA7,6,4400,842.5,42.14
MA7,6,4450,831.88,41.86
MA7,6,4500,821.25,41.57
MA7,6,4550,810.62,41.29
MA7,6,4600,800.0,41.0
MA8,0,200,1410.0,14.0
MA8,0,250,1322.86,13.43
MA8,0,300,1235.71,12.86
MA8,0,350,1148.57,12.29
MA8,0,400,1061.43,11.71
MA8,0,450,974.29,11.14
MA8,0,500,887.14,10.57
MA8,0,550,800.0,10.0
MA8,1,400,1414.0,21.0
MA8,1,450,1371.66,20.59
MA8,1,500,1329.31,20.19
MA8,1,550,1286.97,19.78
MA8,1,600,1244.62,19.37
MA8,1,650,1202.28,18.97
MA8,1,700,1159.93,18.56
MA8,1,750,1117.59,18.15
MA8,1,800,1075.24,17.74
MA8,1,850,1032.9,17.34
MA8,1,900,990.55,16.93
MA8,1,950,948.21,16.52
MA8,1,1000,905.86,16.12
MA8,1,1050,863.52,15.71
MA8,1,1100,821.17,15.3
MA8,1,1150,778.83,14.9
MA8,2,600,1410.0,27.2
MA8,2,650,1380.95,26.74
MA8,2,700,1351.9,26.29
MA8,2,750,1322.86,25.83
MA8,2,800,1293.81,25.37
MA8,2,850,1264.76,24.91
MA8,2,900,1235.71,24.46
MA8,2,950,1206.67,24.0
MA8,2,1000,1177.62,23.54
MA8,2,1050,1148.57,23.09
MA8,2,1100,1119.52,22.63
MA8,2,1150,1090.48,22.17
MA8,2,1200,1061.43,21.71
MA8,2,1250,1032.38,21.26
MA8,2,1300,1003.33,20.8
MA8,2,1350,974.29,20.34
MA8,2,1400,945.24,19.89
MA8,2,1450,916.19,19.43
MA8,2,1500,887.14,18.97
MA8,2,1550,858.1,18.51
MA8,2,1600,829.05,18.06
MA8,2,1650,800.0,17.6
MA8,3,900,1427.0,36.4
MA8,3,950,1409.58,36.11
MA8,3,1000,1392.17,35.83
MA8,3,1050,1374.75,35.54
MA8,3,1100,1357.33,35.26
MA8,3,1150,1339.92,34.97
MA8,3,1200,1322.5,34.68
MA8,3,1250,1305.08,34.4
MA8,3,1300,1287.67,34.11
MA8,3,1350,1270.25,33.83
MA8,3,1400,1252.83,33.54
MA8,3,1450,1235.42,33.25
MA8,3,1500,1218.0,32.97
MA8,3,1550,1200.58,32.68
MA8,3,1600,1183.17,32.39
MA8,3,1650,1165.75,32.11
MA8,3,1700,1148.33,31.82
MA8,3,1750,1130.92,31.54
MA8,3,1800,1113.5,31.25
MA8,3,1850,1096.08,30.96
MA8,3,1900,1078.67,30.68
MA8,3,1950,1061.25,30.39
MA8,3,2000,1043.83,30.11
MA8,3,2050,1026.42,29.82
MA8,3,2100,1009.0,29.53
MA8,3,2150,991.58,29.25
MA8,3,2200,974.17,28.96
MA8,3,2250,956.75,28.68
MA8,3,2300,939.33,28.39
MA8,3,2350,921.92,28.1
MA8,3,2400,904.5,27.82
MA8,3,2450,887.08,27.53
MA8,3,2500,869.67,27.24
MA8,3,2550,852.25,26.96
MA8,3,2600,834.83,26.67
MA8,3,2650,817.42,26.39
MA8,3,2700,800.0,26.1
MA8,4,1300,1409.0,44.2
MA8,4,1350,1395.47,44.22
MA8,4,1400,1381.93,44.24
MA8,4,1450,1368.4,44.25
MA8,4,1500,1354.87,44.27
MA8,4,1550,1341.33,44.29
MA8,4,1600,1327.8,44.31
MA8,4,1650,1314.27,44.32
MA8,4,1700,1300.73,44.34
MA8,4,1750,1287.2,44.36
MA8,4,1800,1273.67,44.38
MA8,4,1850,1260.13,44.4
MA8,4,1900,1246.6,44.41
MA8,4,1950,1233.07,44.43
MA8,4,2000,1219.53,44.45
MA8,4,2050,1206.0,44.47
MA8,4,2100,1192.47,44.48
MA8,4,2150,1178.93,44.5
MA8,4,2200,1165.4,44.52
MA8,4,2250,1151.87,44.54
MA8,4,2300,1138.33,44.56
MA8,4,2350,1124.8,44.57
MA8,4,2400,1111.27,44.59
MA8,4,2450,1097.73,44.61
MA8,4,2500,1084.2,44.63
MA8,4,2550,1070.67,44.64
MA8,4,2600,1057.13,44.66
MA8,4,2650,1043.6,44.68
MA8,4,2700,1030.07,44.7
MA8,4,2750,1016.53,44.72
MA8,4,2800,1003.0,44.73
MA8,4,2850,989.47,44.75
MA8,4,2900,975.93,44.77
MA8,4,2950,962.4,44.79
MA8,4,3000,948.87,44.8
MA8,4,3050,935.33,44.82
MA8,4,3100,921.8,44.84
MA8,4,3150,908.27,44.86
MA8,4,3200,894.73,44.88
MA8,4,3250,881.2,44.89
MA8,4,3300,867.67,44.91
MA8,4,3350,854.13,44.93
MA8,4,3400,840.6,44.95
MA8,4,3450,827.07,44.96
MA8,4,3500,813.53,44.98
MA8,4,3550,800.0,45.0
MA8,5,1600,1412.0,51.1
MA8,5,1650,1402.29,50.89
MA8,5,1700,1392.57,50.67
MA8,5,1750,1382.86,50.46
MA8,5,1800,1373.14,50.24
MA8,5,1850,1363.43,50.03
MA8,5,1900,1353.71,49.81
MA8,5,1950,1344.0,49.6
MA8,5,2000,1334.29,49.39
MA8,5,2050,1324.57,49.17
MA8,5,2100,1314.86,48.96
MA8,5,2150,1305.14,48.74
MA8,5,2200,1295.43,48.53
MA8,5,2250,1285.71,48.31
MA8,5,2300,1276.0,48.1
MA8,5,2350,1266.29,47.89
MA8,5,2400,1256.57,47.67
MA8,5,2450,1246.86,47.46
MA8,5,2500,1237.14,47.24
MA8,5,2550,1227.43,47.03
MA8,5,2600,1217.71,46.81
MA8,5,2650,1208.0,46.6
MA8,5,2700,1198.29,46.39
MA8,5,2750,1188.57,46.17
MA8,5,2800,1178.86,45.96
MA8,5,2850,1169.14,45.74
MA8,5,2900,1159.43,45.53
MA8,5,2950,1149.71,45.31
MA8,5,3000,1140.0,45.1
MA8,5,3050,1130.29,44.89
MA8,5,3100,1120.57,44.67
MA8,5,3150,1110.86,44.46
MA8,5,3200,1101.14,44.24
MA8,5,3250,1091.43,44.03
MA8,5,3300,1081.71,43.81
MA8,5,3350,1072.0,43.6
MA8,5,3400,1062.29,43.39
MA8,5,3450,1052.57,43.17
MA8,5,3500,1042.86,42.96
MA8,5,3550,1033.14,42.74
MA8,5,3600,1023.43,42.53
MA8,5,3650,1013.71,42.31
MA8,5,3700,1004.0,42.1
MA8,5,3750,994.29,41.89
MA8,5,3800,984.57,41.67
MA8,5,3850,974.86,41.46
MA8,5,3900,965.14,41.24
MA8,5,3950,955.43,41.03
MA8,5,4000,945.71,40.81
MA8,5,4050,936.0,40.6
MA8,5,4100,926.29,40.39
MA8,5,4150,916.57,40.17
MA8,5,4200,906.86,39.96
MA8,5,4250,897.14,39.74
MA8,5,4300,887.43,39.53
MA8,5,4350,877.71,39.31
MA8,5,4400,868.0,39.1
MA8,6,2100,1387.0,57.8
MA8,6,2150,1377.38,57.54
MA8,6,2200,1367.75,57.28
MA8,6,2250,1358.13,57.01
MA8,6,2300,1348.51,56.75
MA8,6,2350,1338.89,56.49
MA8,6,2400,1329.26,56.23
MA8,6,2450,1319.64,55.96
MA8,6,2500,1310.02,55.7
MA8,6,2550,1300.39,55.44
MA8,6,2600,1290.77,55.18
MA8,6,2650,1281.15,54.91
MA8,6,2700,1271.52,54.65
MA8,6,2750,1261.9,54.39
MA8,6,2800,1252.28,54.13
MA8,6,2850,1242.66,53.87
MA8,6,2900,1233.03,53.6
MA8,6,2950,1223.41,53.34
MA8,6,3000,1213.79,53.08
MA8,6,3050,1204.16,52.82
MA8,6,3100,1194.54,52.55
MA8,6,3150,1184.92,52.29
MA8,6,3200,1175.3,52.03
MA8,6,3250,1165.67,51.77
MA8,6,3300,1156.05,51.5
MA8,6,3350,1146.43,51.24
MA8,6,3400,1136.8,50.98
MA8,6,3450,1127.18,50.72
MA8,6,3500,1117.56,50.46
MA8,6,3550,1107.93,50.19
MA8,6,3600,1098.31,49.93
MA8,6,3650,1088.69,49.67
MA8,6,3700,1079.07,49.41
MA8,6,3750,1069.44,49.14
MA8,6,3800,1059.82,48.88
MA8,6,3850,1050.2,48.62
MA8,6,3900,1040.57,48.36
MA8,6,3950,1030.95,48.1
MA8,6,4000,1021.33,47.83
MA8,6,4050,1011.7,47.57
MA8,6,4100,1002.08,47.31
MA8,6,4150,992.46,47.05
MA8,6,4200,982.84,46.78
MA8,6,4250,973.21,46.52
MA8,6,4300,963.59,46.26
MA8,6,4350,953.97,46.0
MA8,6,4400,944.34,45.73
MA8,6,4450,934.72,45.47
MA8,6,4500,925.1,45.21
MA8,6,4550,915.48,44.95
MA8,6,4600,905.85,44.69
MA8,6,4650,896.23,44.42
MA8,6,4700,886.61,44.16
MA8,6,4750,876.98,43.9
MA8,6,4800,867.36,43.64
MA8,6,4850,857.74,43.37
MA8,6,4900,848.11,43.11
MA8,6,4950,838.49,42.85
MA8,6,5000,828.87,42.59
MA8,6,5050,819.25,42.32
MA8,6,5100,809.62,42.06
MA8,6,5150,800.0,41.8
MA8,7,2400,1382.0,62.9
MA8,7,2450,1373.44,62.64
MA8,7,2500,1364.88,62.39
MA8,7,2550,1356.32,62.13
MA8,7,2600,1347.76,61.88
MA8,7,2650,1339.21,61.62
MA8,7,2700,1330.65,61.36
MA8,7,2750,1322.09,61.11
MA8,7,2800,1313.53,60.85
MA8,7,2850,1304.97,60.6
MA8,7,2900,1296.41,60.34
MA8,7,2950,1287.85,60.09
MA8,7,3000,1279.29,59.83
MA8,7,3050,1270.74,59.57
MA8,7,3100,1262.18,59.32
MA8,7,3150,1253.62,59.06
MA8,7,3200,1245.06,58.81
MA8,7,3250,1236.5,58.55
MA8,7,3300,1227.94,58.29
MA8,7,3350,1219.38,58.04
MA8,7,3400,1210.82,57.78
MA8,7,3450,1202.26,57.53
MA8,7,3500,1193.71,57.27
MA8,7,3550,1185.15,57.01
MA8,7,3600,1176.59,56.76
MA8,7,3650,1168.03,56.5
MA8,7,3700,1159.47,56.25
MA8,7,3750,1150.91,55.99
MA8,7,3800,1142.35,55.74
MA8,7,3850,1133.79,55.48
MA8,7,3900,1125.24,55.22
MA8,7,3950,1116.68,54.97
MA8,7,4000,1108.12,54.71
MA8,7,4050,1099.56,54.46
MA8,7,4100,1091.0,54.2
MA8,7,4150,1082.44,53.94
MA8,7,4200,1073.88,53.69
MA8,7,4250,1065.32,53.43
MA8,7,4300,1056.76,53.18
MA8,7,4350,1048.21,52.92
MA8,7,4400,1039.65,52.66
MA8,7,4450,1031.09,52.41
MA8,7,4500,1022.53,52.15
MA8,7,4550,1013.97,51.9
MA8,7,4600,1005.41,51.64
MA8,7,4650,996.85,51.39
MA8,7,4700,988.29,51.13
MA8,7,4750,979.74,50.87
MA8,7,4800,971.18,50.62
MA8,7,4850,962.62,50.36
MA8,7,4900,954.06,50.11
MA8,7,4950,945.5,49.85
MA8,7,5000,936.94,49.59
MA8,7,5050,928.38,49.34
MA8,7,5100,919.82,49.08
MA8,7,5150,911.26,48.83
MA8,7,5200,902.71,48.57
MA8,7,5250,894.15,48.31
MA8,7,5300,885.59,48.06
MA8,7,5350,877.03,47.8
MA8,7,5400,868.47,47.55
MA8,7,5450,859.91,47.29
MA8,7,5500,851.35,47.04
MA8,7,5550,842.79,46.78
MA8,7,5600,834.24,46.52
MA8,7,5650,825.68,46.27
MA8,7,5700,817.12,46.01
MA8,7,5750,808.56,45.76
MA8,7,5800,800.0,45.5
MA8,8,2400,1402.0,68.6
MA8,8,2450,1394.38,68.36
MA8,8,2500,1386.76,68.11
MA8,8,2550,1379.14,67.87
MA8,8,2600,1371.52,67.63
MA8,8,2650,1363.9,67.38
MA8,8,2700,1356.28,67.14
MA8,8,2750,1348.66,66.9
MA8,8,2800,1341.04,66.66
MA8,8,2850,1333.42,66.41
MA8,8,2900,1325.8,66.17
MA8,8,2950,1318.18,65.93
MA8,8,3000,1310.56,65.68
MA8,8,3050,1302.94,65.44
MA8,8,3100,1295.32,65.2
MA8,8,3150,1287.7,64.95
MA8,8,3200,1280.08,64.71
MA8,8,3250,1272.46,64.47
MA8,8,3300,1264.84,64.23
MA8,8,3350,1257.22,63.98
MA8,8,3400,1249.59,63.74
MA8,8,3450,1241.97,63.5
MA8,8,3500,1234.35,63.25
MA8,8,3550,1226.73,63.01
MA8,8,3600,1219.11,62.77
MA8,8,3650,1211.49,62.52
MA8,8,3700,1203.87,62.28
MA8,8,3750,1196.25,62.04
MA8,8,3800,1188.63,61.79
MA8,8,3850,1181.01,61.55
MA8,8,3900,1173.39,61.31
MA8,8,3950,1165.77,61.07
MA8,8,4000,1158.15,60.82
MA8,8,4050,1150.53,60.58
MA8,8,4100,1142.91,60.34
MA8,8,4150,1135.29,60.09
MA8,8,4200,1127.67,59.85
MA8,8,4250,1120.05,59.61
MA8,8,4300,1112.43,59.36
MA8,8,4350,1104.81,59.12
MA8,8,4400,1097.19,58.88
MA8,8,4450,1089.57,58.64
MA8,8,4500,1081.95,58.39
MA8,8,4550,1074.33,58.15
MA8,8,4600,1066.71,57.91
MA8,8,4650,1059.09,57.66
MA8,8,4700,1051.47,57.42
MA8,8,4750,1043.85,57.18
MA8,8,4800,1036.23,56.93
MA8,8,4850,1028.61,56.69
MA8,8,4900,1020.99,56.45
MA8,8,4950,1013.37,56.21
MA8,8,5000,1005.75,55.96
MA8,8,5050,998.13,55.72
MA8,8,5100,990.51,55.48
MA8,8,5150,982.89,55.23
MA8,8,5200,975.27,54.99
MA8,8,5250,967.65,54.75
MA8,8,5300,960.03,54.5
MA8,8,5350,952.41,54.26
MA8,8,5400,944.78,54.02
MA8,8,5450,937.16,53.77
MA8,8,5500,929.54,53.53
MA8,8,5550,921.92,53.29
MA8,8,5600,914.3,53.05
MA8,8,5650,906.68,52.8
MA8,8,5700,899.06,52.56
MA8,8,5750,891.44,52.32
MA8,8,5800,883.82,52.07
MA8,8,5850,876.2,51.83
MA8,8,5900,868.58,51.59
MA8,8,5950,860.96,51.34
MA8,8,6000,853.34,51.1
MA8,8,6050,845.72,50.86
MA8,8,6100,838.1,50.62
MA8,8,6150,830.48,50.37
MA8,8,6200,822.86,50.13
MA8,8,6250,815.24,49.89
MA8,8,6300,807.62,49.64
MA8,8,6350,800.0,49.4
120MM,1,600,1432.0,27.0
120MM,1,650,1406.72,26.68
120MM,1,700,1381.44,26.36
120MM,1,750,1356.16,26.04
120MM,1,800,1330.88,25.72
120MM,1,850,1305.6,25.4
120MM,1,900,1280.32,25.08
120MM,1,950,1255.04,24.76
120MM,1,1000,1229.76,24.44
120MM,1,1050,1204.48,24.12
120MM,1,1100,1179.2,23.8
120MM,1,1150,1153.92,23.48
120MM,1,1200,1128.64,23.16
120MM,1,1250,1103.36,22.84
120MM,1,1300,1078.08,22.52
120MM,1,1350,1052.8,22.2
120MM,1,1400,1027.52,21.88
120MM,1,1450,1002.24,21.56
120MM,1,1500,976.96,21.24
120MM,1,1550,951.68,20.92
120MM,1,1600,926.4,20.6
120MM,1,1650,901.12,20.28
120MM,1,1700,875.84,19.96
120MM,1,1750,850.56,19.64
120MM,1,1800,825.28,19.32
120MM,1,1850,800.0,19.0
120MM,2,1000,1427.0,36.0
120MM,2,1050,1411.33,35.75
120MM,2,1100,1395.65,35.5
120MM,2,1150,1379.97,35.25
120MM,2,1200,1364.3,35.0
120MM,2,1250,1348.62,34.75
120MM,2,1300,1332.95,34.5
120MM,2,1350,1317.28,34.25
120MM,2,1400,1301.6,34.0
120MM,2,1450,1285.92,33.75
120MM,2,1500,1270.25,33.5
120MM,2,1550,1254.58,33.25
120MM,2,1600,1238.9,33.0
120MM,2,1650,1223.22,32.75
120MM,2,1700,1207.55,32.5
120MM,2,1750,1191.88,32.25
120MM,2,1800,1176.2,32.0
120MM,2,1850,1160.53,31.75
120MM,2,1900,1144.85,31.5
120MM,2,1950,1129.17,31.25
120MM,2,2000,1113.5,31.0
120MM,2,2050,1097.83,30.75
120MM,2,2100,1082.15,30.5
120MM,2,2150,1066.47,30.25
120MM,2,2200,1050.8,30.0
120MM,2,2250,1035.12,29.75
120MM,2,2300,1019.45,29.5
120MM,2,2350,1003.77,29.25
120MM,2,2400,988.1,29.0
120MM,2,2450,972.42,28.75
120MM,2,2500,956.75,28.5
120MM,2,2550,941.08,28.25
120MM,2,2600,925.4,28.0
120MM,2,2650,909.73,27.75
120MM,2,2700,894.05,27.5
120MM,2,2750,878.38,27.25
120MM,2,2800,862.7,27.0
120MM,2,2850,847.02,26.75
120MM,2,2900,831.35,26.5
120MM,2,2950,815.68,26.25
120MM,2,3000,800.0,26.0
120MM,3,1400,1423.0,43.0
120MM,3,1450,1411.46,42.74
120MM,3,1500,1399.93,42.48
120MM,3,1550,1388.39,42.22
120MM,3,1600,1376.85,41.96
120MM,3,1650,1365.31,41.7
120MM,3,1700,1353.78,41.44
120MM,3,1750,1342.24,41.19
120MM,3,1800,1330.7,40.93
120MM,3,1850,1319.17,40.67
120MM,3,1900,1307.63,40.41
120MM,3,1950,1296.09,40.15
120MM,3,2000,1284.56,39.89
120MM,3,2050,1273.02,39.63
120MM,3,2100,1261.48,39.37
120MM,3,2150,1249.94,39.11
120MM,3,2200,1238.41,38.85
120MM,3,2250,1226.87,38.59
120MM,3,2300,1215.33,38.33
120MM,3,2350,1203.8,38.07
120MM,3,2400,1192.26,37.81
120MM,3,2450,1180.72,37.56
120MM,3,2500,1169.19,37.3
120MM,3,2550,1157.65,37.04
120MM,3,2600,1146.11,36.78
120MM,3,2650,1134.57,36.52
120MM,3,2700,1123.04,36.26
120MM,3,2750,1111.5,36.0
120MM,3,2800,1099.96,35.74
120MM,3,2850,1088.43,35.48
120MM,3,2900,1076.89,35.22
120MM,3,2950,1065.35,34.96
120MM,3,3000,1053.81,34.7
120MM,3,3050,1042.28,34.44
120MM,3,3100,1030.74,34.19
120MM,3,3150,1019.2,33.93
120MM,3,3200,1007.67,33.67
120MM,3,3250,996.13,33.41
120MM,3,3300,984.59,33.15
120MM,3,3350,973.06,32.89
120MM,3,3400,961.52,32.63
120MM,3,3450,949.98,32.37
120MM,3,3500,938.44,32.11
120MM,3,3550,926.91,31.85
120MM,3,3600,915.37,31.59
120MM,3,3650,903.83,31.33
120MM,3,3700,892.3,31.07
120MM,3,3750,880.76,30.81
120MM,3,3800,869.22,30.56
120MM,3,3850,857.69,30.3
120MM,3,3900,846.15,30.04
120MM,3,3950,834.61,29.78
120MM,3,4000,823.07,29.52
120MM,3,4050,811.54,29.26
120MM,3,4100,800.0,29.0
120MM,4,1900,1411.0,51.0
120MM,4,1950,1401.88,50.79
120MM,4,2000,1392.76,50.58
120MM,4,2050,1383.64,50.37
120MM,4,2100,1374.52,50.16
120MM,4,2150,1365.4,49.96
120MM,4,2200,1356.28,49.75
120MM,4,2250,1347.16,49.54
120MM,4,2300,1338.04,49.33
120MM,4,2350,1328.93,49.12
120MM,4,2400,1319.81,48.91
120MM,4,2450,1310.69,48.7
120MM,4,2500,1301.57,48.49
120MM,4,2550,1292.45,48.28
120MM,4,2600,1283.33,48.07
120MM,4,2650,1274.21,47.87
120MM,4,2700,1265.09,47.66
120MM,4,2750,1255.97,47.45
120MM,4,2800,1246.85,47.24
120MM,4,2850,1237.73,47.03
120MM,4,2900,1228.61,46.82
120MM,4,2950,1219.49,46.61
120MM,4,3000,1210.37,46.4
120MM,4,3050,1201.25,46.19
120MM,4,3100,1192.13,45.99
120MM,4,3150,1183.01,45.78
120MM,4,3200,1173.9,45.57
120MM,4,3250,1164.78,45.36
120MM,4,3300,1155.66,45.15
120MM,4,3350,1146.54,44.94
120MM,4,3400,1137.42,44.73
120MM,4,3450,1128.3,44.52
120MM,4,3500,1119.18,44.31
120MM,4,3550,1110.06,44.1
120MM,4,3600,1100.94,43.9
120MM,4,3650,1091.82,43.69
120MM,4,3700,1082.7,43.48
120MM,4,3750,1073.58,43.27
120MM,4,3800,1064.46,43.06
120MM,4,3850,1055.34,42.85
120MM,4,3900,1046.22,42.64
120MM,4,3950,1037.1,42.43
120MM,4,4000,1027.99,42.22
120MM,4,4050,1018.87,42.01
120MM,4,4100,1009.75,41.81
120MM,4,4150,1000.63,41.6
120MM,4,4200,991.51,41.39
120MM,4,4250,982.39,41.18
120MM,4,4300,973.27,40.97
120MM,4,4350,964.15,40.76
120MM,4,4400,955.03,40.55
120MM,4,4450,945.91,40.34
120MM,4,4500,936.79,40.13
120MM,4,4550,927.67,39.93
120MM,4,4600,918.55,39.72
120MM,4,4650,909.43,39.51
120MM,4,4700,900.31,39.3
120MM,4,4750,891.19,39.09
120MM,4,4800,882.07,38.88
120MM,4,4850,872.96,38.67
120MM,4,4900,863.84,38.46
120MM,4,4950,854.72,38.25
120MM,4,5000,845.6,38.04
120MM,4,5050,836.48,37.84
120MM,4,5100,827.36,37.63
120MM,4,5150,818.24,37.42
120MM,4,5200,809.12,37.21
120MM,4,5250,800.0,37.0
120MM,5,2300,1403.0,56.2
120MM,5,2350,1395.17,56.0
120MM,5,2400,1387.34,55.8
120MM,5,2450,1379.51,55.6
120MM,5,2500,1371.68,55.4
120MM,5,2550,1363.86,55.2
120MM,5,2600,1356.03,55.0
120MM,5,2650,1348.2,54.8
120MM,5,2700,1340.37,54.6
120MM,5,2750,1332.54,54.4
120MM,5,2800,1324.71,54.2
120MM,5,2850,1316.88,54.0
120MM,5,2900,1309.05,53.8
120MM,5,2950,1301.22,53.6
120MM,5,3000,1293.39,53.4
120MM,5,3050,1285.57,53.2
120MM,5,3100,1277.74,53.0
120MM,5,3150,1269.91,52.8
120MM,5,3200,1262.08,52.6
120MM,5,3250,1254.25,52.4
120MM,5,3300,1246.42,52.2
120MM,5,3350,1238.59,52.0
120MM,5,3400,1230.76,51.8
120MM,5,3450,1222.93,51.6
120MM,5,3500,1215.11,51.4
120MM,5,3550,1207.28,51.2
120MM,5,3600,1199.45,51.0
120MM,5,3650,1191.62,50.8
120MM,5,3700,1183.79,50.6
120MM,5,3750,1175.96,50.4
120MM,5,3800,1168.13,50.2
120MM,5,3850,1160.3,50.0
120MM,5,3900,1152.47,49.8
120MM,5,3950,1144.64,49.6
120MM,5,4000,1136.82,49.4
120MM,5,4050,1128.99,49.2
120MM,5,4100,1121.16,49.0
120MM,5,4150,1113.33,48.8
120MM,5,4200,1105.5,48.6
120MM,5,4250,1097.67,48.4
120MM,5,4300,1089.84,48.2
120MM,5,4350,1082.01,48.0
120MM,5,4400,1074.18,47.8
120MM,5,4450,1066.36,47.6
120MM,5,4500,1058.53,47.4
120MM,5,4550,1050.7,47.2
120MM,5,4600,1042.87,47.0
120MM,5,4650,1035.04,46.8
120MM,5,4700,1027.21,46.6
120MM,5,4750,1019.38,46.4
120MM,5,4800,1011.55,46.2
120MM,5,4850,1003.72,46.0
120MM,5,4900,995.89,45.8
120MM,5,4950,988.07,45.6
120MM,5,5000,980.24,45.4
120MM,5,5050,972.41,45.2
120MM,5,5100,964.58,45.0
120MM,5,5150,956.75,44.8
120MM,5,5200,948.92,44.6
120MM,5,5250,941.09,44.4
120MM,5,5300,933.26,44.2
120MM,5,5350,925.43,44.0
120MM,5,5400,917.61,43.8
120MM,5,5450,909.78,43.6
120MM,5,5500,901.95,43.4
120MM,5,5550,894.12,43.2
120MM,5,5600,886.29,43.0
120MM,5,5650,878.46,42.8
120MM,5,5700,870.63,42.6
120MM,5,5750,862.8,42.4
120MM,5,5800,854.97,42.2
120MM,5,5850,847.14,42.0
120MM,5,5900,839.32,41.8
120MM,5,5950,831.49,41.6
120MM,5,6000,823.66,41.4
120MM,5,6050,815.83,41.2
120MM,5,6100,808.0,41.0
120MM,6,2600,1398.0,61.0
120MM,6,2650,1391.2,60.82
120MM,6,2700,1384.41,60.64
120MM,6,2750,1377.61,60.45
120MM,6,2800,1370.82,60.27
120MM,6,2850,1364.02,60.09
120MM,6,2900,1357.23,59.91
120MM,6,2950,1350.43,59.73
120MM,6,3000,1343.64,59.55
120MM,6,3050,1336.84,59.36
120MM,6,3100,1330.05,59.18
120MM,6,3150,1323.25,59.0
120MM,6,3200,1316.45,58.82
120MM,6,3250,1309.66,58.64
120MM,6,3300,1302.86,58.45
120MM,6,3350,1296.07,58.27
120MM,6,3400,1289.27,58.09
120MM,6,3450,1282.48,57.91
120MM,6,3500,1275.68,57.73
120MM,6,3550,1268.89,57.55
120MM,6,3600,1262.09,57.36
120MM,6,3650,1255.3,57.18
120MM,6,3700,1248.5,57.0
120MM,6,3750,1241.7,56.82
120MM,6,3800,1234.91,56.64
120MM,6,3850,1228.11,56.45
120MM,6,3900,1221.32,56.27
120MM,6,3950,1214.52,56.09
120MM,6,4000,1207.73,55.91
120MM,6,4050,1200.93,55.73
120MM,6,4100,1194.14,55.55
120MM,6,4150,1187.34,55.36
120MM,6,4200,1180.55,55.18
120MM,6,4250,1173.75,55.0
120MM,6,4300,1166.95,54.82
120MM,6,4350,1160.16,54.64
120MM,6,4400,1153.36,54.45
120MM,6,4450,1146.57,54.27
120MM,6,4500,1139.77,54.09
120MM,6,4550,1132.98,53.91
120MM,6,4600,1126.18,53.73
120MM,6,4650,1119.39,53.55
120MM,6,4700,1112.59,53.36
120MM,6,4750,1105.8,53.18
120MM,6,4800,1099.0,53.0
120MM,6,4850,1092.2,52.82
120MM,6,4900,1085.41,52.64
120MM,6,4950,1078.61,52.45
120MM,6,5000,1071.82,52.27
120MM,6,5050,1065.02,52.09
120MM,6,5100,1058.23,51.91
120MM,6,5150,1051.43,51.73
120MM,6,5200,1044.64,51.55
120MM,6,5250,1037.84,51.36
120MM,6,5300,1031.05,51.18
120MM,6,5350,1024.25,51.0
120MM,6,5400,1017.45,50.82
120MM,6,5450,1010.66,50.64
120MM,6,5500,1003.86,50.45
120MM,6,5550,997.07,50.27
120MM,6,5600,990.27,50.09
120MM,6,5650,983.48,49.91
120MM,6,5700,976.68,49.73
120MM,6,5750,969.89,49.55
120MM,6,5800,963.09,49.36
120MM,6,5850,956.3,49.18
120MM,6,5900,949.5,49.0
120MM,6,5950,942.7,48.82
120MM,6,6000,935.91,48.64
120MM,6,6050,929.11,48.45
120MM,6,6100,922.32,48.27
120MM,6,6150,915.52,48.09
120MM,6,6200,908.73,47.91
120MM,6,6250,901.93,47.73
120MM,6,6300,895.14,47.55
120MM,6,6350,888.34,47.36
120MM,6,6400,881.55,47.18
120MM,6,6450,874.75,47.0
120MM,6,6500,867.95,46.82
120MM,6,6550,861.16,46.64
120MM,6,6600,854.36,46.45
120MM,6,6650,847.57,46.27
120MM,6,6700,840.77,46.09
120MM,6,6750,833.98,45.91
120MM,6,6800,827.18,45.73
120MM,6,6850,820.39,45.55
120MM,6,6900,813.59,45.36
120MM,6,6950,806.8,45.18
120MM,6,7000,800.0,45.0
120MM,7,2900,1219.0,69.0
120MM,7,2950,1214.59,68.79
120MM,7,3000,1210.18,68.58
120MM,7,3050,1205.77,68.37
120MM,7,3100,1201.36,68.16
120MM,7,3150,1196.95,67.95
120MM,7,3200,1192.54,67.74
120MM,7,3250,1188.13,67.53
120MM,7,3300,1183.72,67.32
120MM,7,3350,1179.31,67.11
120MM,7,3400,1174.89,66.89
120MM,7,3450,1170.48,66.68
120MM,7,3500,1166.07,66.47
120MM,7,3550,1161.66,66.26
120MM,7,3600,1157.25,66.05
120MM,7,3650,1152.84,65.84
120MM,7,3700,1148.43,65.63
120MM,7,3750,1144.02,65.42
120MM,7,3800,1139.61,65.21
120MM,7,3850,1135.2,65.0
120MM,7,3900,1130.79,64.79
120MM,7,3950,1126.38,64.58
120MM,7,4000,1121.97,64.37
120MM,7,4050,1117.56,64.16
120MM,7,4100,1113.15,63.95
120MM,7,4150,1108.74,63.74
120MM,7,4200,1104.33,63.53
120MM,7,4250,1099.92,63.32
120MM,7,4300,1095.51,63.11
120MM,7,4350,1091.09,62.89
120MM,7,4400,1086.68,62.68
120MM,7,4450,1082.27,62.47
120MM,7,4500,1077.86,62.26
120MM,7,4550,1073.45,62.05
120MM,7,4600,1069.04,61.84
120MM,7,4650,1064.63,61.63
120MM,7,4700,1060.22,61.42
120MM,7,4750,1055.81,61.21
120MM,7,4800,1051.4,61.0
120MM,7,4850,1046.99,60.79
120MM,7,4900,1042.58,60.58
120MM,7,4950,1038.17,60.37
120MM,7,5000,1033.76,60.16
120MM,7,5050,1029.35,59.95
120MM,7,5100,1024.94,59.74
120MM,7,5150,1020.53,59.53
120MM,7,5200,1016.12,59.32
120MM,7,5250,1011.71,59.11
120MM,7,5300,1007.29,58.89
120MM,7,5350,1002.88,58.68
120MM,7,5400,998.47,58.47
120MM,7,5450,994.06,58.26
120MM,7,5500,989.65,58.05
120MM,7,5550,985.24,57.84
120MM,7,5600,980.83,57.63
120MM,7,5650,976.42,57.42
120MM,7,5700,972.01,57.21
120MM,7,5750,967.6,57.0
120MM,7,5800,963.19,56.79
120MM,7,5850,958.78,56.58
120MM,7,5900,954.37,56.37
120MM,7,5950,949.96,56.16
120MM,7,6000,945.55,55.95
120MM,7,6050,941.14,55.74
120MM,7,6100,936.73,55.53
120MM,7,6150,932.32,55.32
120MM,7,6200,927.91,55.11
120MM,7,6250,923.49,54.89
120MM,7,6300,919.08,54.68
120MM,7,6350,914.67,54.47
120MM,7,6400,910.26,54.26
120MM,7,6450,905.85,54.05
120MM,7,6500,901.44,53.84
120MM,7,6550,897.03,53.63
120MM,7,6600,892.62,53.42
120MM,7,6650,888.21,53.21
120MM,7,6700,883.8,53.0
120MM,7,6750,879.39,52.79
120MM,7,6800,874.98,52.58
120MM,7,6850,870.57,52.37
120MM,7,6900,866.16,52.16
120MM,7,6950,861.75,51.95
120MM,7,7000,857.34,51.74
120MM,7,7050,852.93,51.53
120MM,7,7100,848.52,51.32
120MM,7,7150,844.11,51.11
120MM,7,7200,839.69,50.89
120MM,7,7250,835.28,50.68
120MM,7,7300,830.87,50.47
120MM,7,7350,826.46,50.26
120MM,7,7400,822.05,50.05
120MM,7,7450,817.64,49.84
120MM,7,7500,813.23,49.63
120MM,7,7550,808.82,49.42
120MM,7,7600,804.41,49.21
120MM,7,7650,800.0,49.0
120MM,8,3200,1395.0,74.0
120MM,8,3250,1388.99,73.79
120MM,8,3300,1382.98,73.58
120MM,8,3350,1376.97,73.36
120MM,8,3400,1370.96,73.15
120MM,8,3450,1364.95,72.94
120MM,8,3500,1358.94,72.73
120MM,8,3550,1352.93,72.52
120MM,8,3600,1346.92,72.3
120MM,8,3650,1340.91,72.09
120MM,8,3700,1334.9,71.88
120MM,8,3750,1328.89,71.67
120MM,8,3800,1322.88,71.45
120MM,8,3850,1316.87,71.24
120MM,8,3900,1310.86,71.03
120MM,8,3950,1304.85,70.82
120MM,8,4000,1298.84,70.61
120MM,8,4050,1292.83,70.39
120MM,8,4100,1286.82,70.18
120MM,8,4150,1280.81,69.97
120MM,8,4200,1274.8,69.76
120MM,8,4250,1268.79,69.55
120MM,8,4300,1262.78,69.33
120MM,8,4350,1256.77,69.12
120MM,8,4400,1250.76,68.91
120MM,8,4450,1244.75,68.7
120MM,8,4500,1238.74,68.48
120MM,8,4550,1232.73,68.27
120MM,8,4600,1226.72,68.06
120MM,8,4650,1220.71,67.85
120MM,8,4700,1214.7,67.64
120MM,8,4750,1208.69,67.42
120MM,8,4800,1202.68,67.21
120MM,8,4850,1196.67,67.0
120MM,8,4900,1190.66,66.79
120MM,8,4950,1184.65,66.58
120MM,8,5000,1178.64,66.36
120MM,8,5050,1172.63,66.15
120MM,8,5100,1166.62,65.94
120MM,8,5150,1160.61,65.73
120MM,8,5200,1154.6,65.52
120MM,8,5250,1148.59,65.3
120MM,8,5300,1142.58,65.09
120MM,8,5350,1136.57,64.88
120MM,8,5400,1130.56,64.67
120MM,8,5450,1124.55,64.45
120MM,8,5500,1118.54,64.24
120MM,8,5550,1112.53,64.03
120MM,8,5600,1106.52,63.82
120MM,8,5650,1100.51,63.61
120MM,8,5700,1094.49,63.39
120MM,8,5750,1088.48,63.18
120MM,8,5800,1082.47,62.97
120MM,8,5850,1076.46,62.76
120MM,8,5900,1070.45,62.55
120MM,8,5950,1064.44,62.33
120MM,8,6000,1058.43,62.12
120MM,8,6050,1052.42,61.91
120MM,8,6100,1046.41,61.7
120MM,8,6150,1040.4,61.48
120MM,8,6200,1034.39,61.27
120MM,8,6250,1028.38,61.06
120MM,8,6300,1022.37,60.85
120MM,8,6350,1016.36,60.64
120MM,8,6400,1010.35,60.42
120MM,8,6450,1004.34,60.21
120MM,8,6500,998.33,60.0
120MM,8,6550,992.32,59.79
120MM,8,6600,986.31,59.58
120MM,8,6650,980.3,59.36
120MM,8,6700,974.29,59.15
120MM,8,6750,968.28,58.94
120MM,8,6800,962.27,58.73
120MM,8,6850,956.26,58.52
120MM,8,6900,950.25,58.3
120MM,8,6950,944.24,58.09
120MM,8,7000,938.23,57.88
120MM,8,7050,932.22,57.67
120MM,8,7100,926.21,57.45
120MM,8,7150,920.2,57.24
120MM,8,7200,914.19,57.03
120MM,8,7250,908.18,56.82
120MM,8,7300,902.17,56.61
120MM,8,7350,896.16,56.39
120MM,8,7400,890.15,56.18
120MM,8,7450,884.14,55.97
120MM,8,7500,878.13,55.76
120MM,8,7550,872.12,55.55
120MM,8,7600,866.11,55.33
120MM,8,7650,860.1,55.12
120MM,8,7700,854.09,54.91
120MM,8,7750,848.08,54.7
120MM,8,7800,842.07,54.48
120MM,8,7850,836.06,54.27
120MM,8,7900,830.05,54.06
120MM,8,7950,824.04,53.85
120MM,8,8000,818.03,53.64
120MM,8,8050,812.02,53.42
120MM,8,8100,806.01,53.21
120MM,8,8150,800.0,53.0
120MM,9,3200,1403.0,80.0
120MM,9,3250,1397.31,79.78
120MM,9,3300,1391.62,79.57
120MM,9,3350,1385.93,79.35
120MM,9,3400,1380.25,79.13
120MM,9,3450,1374.56,78.92
120MM,9,3500,1368.87,78.7
120MM,9,3550,1363.18,78.48
120MM,9,3600,1357.49,78.26
120MM,9,3650,1351.8,78.05
120MM,9,3700,1346.11,77.83
120MM,9,3750,1340.42,77.61
120MM,9,3800,1334.74,77.4
120MM,9,3850,1329.05,77.18
120MM,9,3900,1323.36,76.96
120MM,9,3950,1317.67,76.75
120MM,9,4000,1311.98,76.53
120MM,9,4050,1306.29,76.31
120MM,9,4100,1300.6,76.09
120MM,9,4150,1294.92,75.88
120MM,9,4200,1289.23,75.66
120MM,9,4250,1283.54,75.44
120MM,9,4300,1277.85,75.23
120MM,9,4350,1272.16,75.01
120MM,9,4400,1266.47,74.79
120MM,9,4450,1260.78,74.58
120MM,9,4500,1255.09,74.36
120MM,9,4550,1249.41,74.14
120MM,9,4600,1243.72,73.92
120MM,9,4650,1238.03,73.71
120MM,9,4700,1232.34,73.49
120MM,9,4750,1226.65,73.27
120MM,9,4800,1220.96,73.06
120MM,9,4850,1215.27,72.84
120MM,9,4900,1209.58,72.62
120MM,9,4950,1203.9,72.41
120MM,9,5000,1198.21,72.19
120MM,9,5050,1192.52,71.97
120MM,9,5100,1186.83,71.75
120MM,9,5150,1181.14,71.54
120MM,9,5200,1175.45,71.32
120MM,9,5250,1169.76,71.1
120MM,9,5300,1164.08,70.89
120MM,9,5350,1158.39,70.67
120MM,9,5400,1152.7,70.45
120MM,9,5450,1147.01,70.24
120MM,9,5500,1141.32,70.02
120MM,9,5550,1135.63,69.8
120MM,9,5600,1129.94,69.58
120MM,9,5650,1124.25,69.37
120MM,9,5700,1118.57,69.15
120MM,9,5750,1112.88,68.93
120MM,9,5800,1107.19,68.72
120MM,9,5850,1101.5,68.5
120MM,9,5900,1095.81,68.28
120MM,9,5950,1090.12,68.07
120MM,9,6000,1084.43,67.85
120MM,9,6050,1078.75,67.63
120MM,9,6100,1073.06,67.42
120MM,9,6150,1067.37,67.2
120MM,9,6200,1061.68,66.98
120MM,9,6250,1055.99,66.76
120MM,9,6300,1050.3,66.55
120MM,9,6350,1044.61,66.33
120MM,9,6400,1038.92,66.11
120MM,9,6450,1033.24,65.9
120MM,9,6500,1027.55,65.68
120MM,9,6550,1021.86,65.46
120MM,9,6600,1016.17,65.25
120MM,9,6650,1010.48,65.03
120MM,9,6700,1004.79,64.81
120MM,9,6750,999.1,64.59
120MM,9,6800,993.42,64.38
120MM,9,6850,987.73,64.16
120MM,9,6900,982.04,63.94
120MM,9,6950,976.35,63.73
120MM,9,7000,970.66,63.51
120MM,9,7050,964.97,63.29
120MM,9,7100,959.28,63.08
120MM,9,7150,953.59,62.86
120MM,9,7200,947.91,62.64
120MM,9,7250,942.22,62.42
120MM,9,7300,936.53,62.21
120MM,9,7350,930.84,61.99
120MM,9,7400,925.15,61.77
120MM,9,7450,919.46,61.56
120MM,9,7500,913.77,61.34
120MM,9,7550,908.08,61.12
120MM,9,7600,902.4,60.91
120MM,9,7650,896.71,60.69
120MM,9,7700,891.02,60.47
120MM,9,7750,885.33,60.25
120MM,9,7800,879.64,60.04
120MM,9,7850,873.95,59.82
120MM,9,7900,868.26,59.6
120MM,9,7950,862.58,59.39
120MM,9,8000,856.89,59.17
120MM,9,8050,851.2,58.95
120MM,9,8100,845.51,58.74
120MM,9,8150,839.82,58.52
120MM,9,8200,834.13,58.3
120MM,9,8250,828.44,58.08
120MM,9,8300,822.75,57.87
120MM,9,8350,817.07,57.65
120MM,9,8400,811.38,57.43
120MM,9,8450,805.69,57.22
120MM,9,8500,800.0,57.0
